"","ensembl_gene_id","res","Identifier"
"1","ENSG00000064225","Upregulated","NM_001271142"
"2","ENSG00000197905","Upregulated","NM_003213"
"3","ENSG00000148429","Downregulated","NM_001080491"
"4","ENSG00000158458","Upregulated","NM_001184935"
"5","ENSG00000115641","Upregulated","NM_001039492"
"6","ENSG00000070087","Upregulated","NM_002628"
"7","ENSG00000174600","Upregulated","NM_001142343"
"8","ENSG00000162733","Upregulated","NM_001014796"
"9","ENSG00000139687","Downregulated","NM_000321"
"10","ENSG00000114573","Downregulated","NM_001690"
"11","ENSG00000115232","Downregulated","NM_000885"
"12","ENSG00000183785","Upregulated","NM_001193414"
"13","ENSG00000147650","Upregulated","NM_001135703"
"14","ENSG00000004468","Downregulated","NM_001775"
"15","ENSG00000066032","Upregulated","NM_001164883"
"16","ENSG00000182518","Upregulated","NM_001166699"
"17","ENSG00000141198","Upregulated","NM_001321173"
"18","ENSG00000099977","Upregulated","NM_001084392"
"19","ENSG00000146592","Upregulated","NM_001011666"
"20","ENSG00000134775","Upregulated","NM_001281739"
"21","ENSG00000162882","Upregulated","NM_012205"
"22","ENSG00000134138","Upregulated","NM_001220482"
"23","ENSG00000106025","Upregulated","NM_012338"
"24","ENSG00000204619","Upregulated","NM_021959"
"25","ENSG00000137766","Upregulated","NM_001080534"
"26","ENSG00000135750","Upregulated","NM_002245"
"27","ENSG00000047648","Upregulated","NM_001174"
"28","ENSG00000185614","Upregulated","NM_001366281"
"29","ENSG00000135052","Upregulated","NM_001099268"
"30","ENSG00000162881","Upregulated","NM_148962"
"31","ENSG00000243156","Upregulated","NM_001122731"
"32","ENSG00000163207","Upregulated","NM_005547"
"33","ENSG00000169129","Upregulated","NM_001001936"
"34","ENSG00000148834","Upregulated","NM_001191002"
"35","ENSG00000106689","Upregulated","NM_004789"
"36","ENSG00000120915","Upregulated","NM_001256482"
"37","ENSG00000136156","Downregulated","NM_021999"
"38","ENSG00000132294","Downregulated","NM_001323553"
"39","ENSG00000276345","Upregulated","NM_001400172"
"40","ENSG00000140612","Upregulated","NM_001271918"
"41","ENSG00000046604","Upregulated","NM_001943"
"42","ENSG00000027075","Upregulated","NM_006255"
"43","ENSG00000197822","Upregulated","NM_001205254"
"44","ENSG00000116191","Downregulated","NM_001286247"
"45","ENSG00000164403","Upregulated","NM_001172700"
"46","ENSG00000091129","Upregulated","NM_001037132"
"47","ENSG00000124785","Upregulated","NM_001278710"
"48","ENSG00000073712","Upregulated","NM_001134999"
"49","ENSG00000077782","Upregulated","NM_001174063"
"50","ENSG00000005339","Downregulated","NM_001079846"
"51","ENSG00000125378","Upregulated","NM_001202"
"52","ENSG00000102024","Upregulated","NM_001136025"
"53","ENSG00000198087","Downregulated","NM_012120"
"54","ENSG00000023171","Upregulated","NM_001286563"
"55","ENSG00000198171","Upregulated","NM_023935"
"56","ENSG00000165912","Upregulated","NM_001184974"
"57","ENSG00000108370","Upregulated","NM_001081955"
"58","ENSG00000244405","Upregulated","NM_004454"
"59","ENSG00000163697","Upregulated","NM_001166050"
"60","ENSG00000035720","Downregulated","NM_001317769"
"61","ENSG00000132694","Upregulated","NM_001377418"
"62","ENSG00000275397","Upregulated","NM_024308"
"63","ENSG00000086730","Upregulated","NM_014146"
"64","ENSG00000155755","Upregulated","NM_001044385"
"65","ENSG00000013374","Downregulated","NM_001243351"
"66","ENSG00000071282","Upregulated","NM_001278233"
"67","ENSG00000164967","Upregulated","NM_148178"
"68","ENSG00000256229","Downregulated","NM_052852"
"69","ENSG00000168961","Downregulated","NM_001330163"
"70","ENSG00000101336","Upregulated","NM_001172129"
"71","ENSG00000151914","Upregulated","NM_001144769"
"72","ENSG00000125901","Upregulated","NM_030811"
"73","ENSG00000136161","Downregulated","NM_001268"
"74","ENSG00000185838","Upregulated","NM_053004"
"75","ENSG00000117407","Upregulated","NM_001136215"
"76","ENSG00000128596","Upregulated","NM_001201372"
"77","ENSG00000187118","Upregulated","NM_001331185"
"78","ENSG00000101220","Upregulated","NM_001039140"
"79","ENSG00000144199","Upregulated","NM_001320848"
"80","ENSG00000143443","Upregulated","NM_017860"
"81","ENSG00000158747","Upregulated","NM_001204084"
"82","ENSG00000142599","Downregulated","NM_001042681"
"83","ENSG00000184292","Upregulated","NM_002353"
"84","ENSG00000137133","Upregulated","NM_032593"
"85","ENSG00000167543","Upregulated","NM_001346077"
"86","ENSG00000072201","Upregulated","NM_001126328"
"87","ENSG00000085449","Downregulated","NM_020830"
"88","ENSG00000132465","Downregulated","NM_144646"
"89","ENSG00000128487","Upregulated","NM_001033553"
"90","ENSG00000152952","Upregulated","NM_000935"
"91","ENSG00000176340","Upregulated","NM_004074"
"92","ENSG00000111335","Downregulated","NM_001032731"
"93","ENSG00000182389","Upregulated","NM_000726"
"94","ENSG00000133104","Upregulated","NM_001142294"
"95","ENSG00000177556","Upregulated","NM_004045"
"96","ENSG00000260027","Upregulated","NM_004502"
"97","ENSG00000141552","Upregulated","NM_001002244"
"98","ENSG00000011052","Upregulated","NM_001018136"
"99","ENSG00000189171","Upregulated","NM_001024210"
"100","ENSG00000135740","Upregulated","NM_001323971"
"101","ENSG00000175854","Upregulated","NM_001040011"
"102","ENSG00000141384","Downregulated","NM_001293725"
"103","ENSG00000018408","Upregulated","NM_001168278"
"104","ENSG00000269743","Downregulated","NM_001012755"
"105","ENSG00000105717","Upregulated","NM_025245"
"106","ENSG00000115841","Upregulated","NM_001170791"
"107","ENSG00000130956","Upregulated","NM_014282"
"108","ENSG00000140577","Downregulated","NM_001042574"
"109","ENSG00000100348","Upregulated","NM_012473"
"110","ENSG00000115415","Downregulated","NM_001384880"
"111","ENSG00000162878","Upregulated","NM_138370"
"112","ENSG00000178449","Upregulated","NM_001257133"
"113","ENSG00000166002","Upregulated","NM_020179"
"114","ENSG00000064989","Upregulated","NM_001271751"
"115","ENSG00000083290","Upregulated","NM_001142610"
"116","ENSG00000110344","Downregulated","NM_001204077"
"117","ENSG00000127603","Upregulated","NM_001394062"
"118","ENSG00000092208","Upregulated","NM_001009182"
"119","ENSG00000274768","Upregulated","NM_001136498"
"120","ENSG00000197584","Upregulated","NM_001278911"
"121","ENSG00000197102","Upregulated","NM_001376"
"122","ENSG00000156521","Upregulated","NM_001040273"
"123","ENSG00000169122","Upregulated","NM_001377989"
"124","ENSG00000273607","Upregulated","NM_001301339"
"125","ENSG00000152804","Upregulated","NM_002729"
"126","ENSG00000128602","Upregulated","NM_005631"
"127","ENSG00000240771","Upregulated","NM_001111270"
"128","ENSG00000143554","Upregulated","NM_001317929"
"129","ENSG00000196664","Downregulated","NM_016562"
"130","ENSG00000176381","Upregulated","NM_175922"
"131","ENSG00000136842","Upregulated","NM_001166116"
"132","ENSG00000100075","Upregulated","NM_001256534"
"133","ENSG00000163882","Upregulated","NM_001278698"
"134","ENSG00000213088","Upregulated","NM_001122951"
"135","ENSG00000213398","Upregulated","NM_000229"
"136","ENSG00000185813","Upregulated","NM_001184917"
"137","ENSG00000035664","Upregulated","NM_001363730"
"138","ENSG00000148700","Downregulated","NM_001121"
"139","ENSG00000114948","Upregulated","NM_001410985"
"140","ENSG00000116260","Upregulated","NM_001004128"
"141","ENSG00000137210","Upregulated","NM_001127711"
"142","ENSG00000125743","Upregulated","NM_001369751"
"143","ENSG00000135480","Upregulated","NM_005556"
"144","ENSG00000155313","Downregulated","NM_001283041"
"145","ENSG00000170456","Downregulated","NM_001308339"
"146","ENSG00000137507","Upregulated","NM_001128922"
"147","ENSG00000124762","Upregulated","NM_000389"
"148","ENSG00000179085","Upregulated","NM_018973"
"149","ENSG00000084676","Downregulated","NM_001362950"
"150","ENSG00000164078","Upregulated","NM_001244937"
"151","ENSG00000128524","Upregulated","NM_001198909"
"152","ENSG00000136371","Upregulated","NM_001199758"
"153","ENSG00000159335","Upregulated","NM_001330333"
"154","ENSG00000265681","Upregulated","NM_000985"
"155","ENSG00000163382","Upregulated","NM_144772"
"156","ENSG00000188372","Upregulated","NM_001110354"
"157","ENSG00000082146","Upregulated","NM_001206864"
"158","ENSG00000159166","Upregulated","NM_005558"
"159","ENSG00000170579","Upregulated","NM_001003809"
"160","ENSG00000167799","Upregulated","NM_001243750"
"161","ENSG00000119632","Upregulated","NM_032036"
"162","ENSG00000182117","Upregulated","NM_018648"
"163","ENSG00000229253","Upregulated","NM_001145338"
"164","ENSG00000241837","Upregulated","NM_001697"
"165","ENSG00000171858","Upregulated","NM_001024"
"166","ENSG00000166582","Upregulated","NM_181716"
"167","ENSG00000160752","Upregulated","NM_001135821"
"168","ENSG00000100379","Upregulated","NM_001282684"
"169","ENSG00000180953","Upregulated","NM_001100879"
"170","ENSG00000140471","Downregulated","NM_001040614"
"171","ENSG00000100852","Downregulated","NM_001030055"
"172","ENSG00000132530","Downregulated","NM_001353134"
"173","ENSG00000186010","Upregulated","NM_015965"
"174","ENSG00000150556","Upregulated","NM_001317002"
"175","ENSG00000168734","Upregulated","NM_001281444"
"176","ENSG00000212864","Upregulated","NM_001388297"
"177","ENSG00000071189","Downregulated","NM_001350862"
"178","ENSG00000076201","Downregulated","NM_001304482"
"179","ENSG00000013016","Upregulated","NM_014600"
"180","ENSG00000213123","Upregulated","NM_001351628"
"181","ENSG00000083807","Upregulated","NM_001321196"
"182","ENSG00000177675","Upregulated","NM_001297650"
"183","ENSG00000185222","Upregulated","NM_001006612"
"184","ENSG00000127540","Upregulated","NM_006830"
"185","ENSG00000102921","Downregulated","NM_014664"
"186","ENSG00000154864","Upregulated","NM_001378183"
"187","ENSG00000186522","Upregulated","NM_001321496"
"188","ENSG00000152082","Upregulated","NM_001330282"
"189","ENSG00000158497","Upregulated","NM_021182"
"190","ENSG00000092964","Upregulated","NM_001197293"
"191","ENSG00000276072","Upregulated","NM_001411094"
"192","ENSG00000115419","Downregulated","NM_001256310"
"193","ENSG00000221887","Upregulated","NM_001123366"
"194","ENSG00000164219","Downregulated","NM_005023"
"195","ENSG00000164164","Downregulated","NM_001102653"
"196","ENSG00000283391","Upregulated","NM_001037663"
"197","ENSG00000160710","Downregulated","NM_001025107"
"198","ENSG00000137959","Downregulated","NM_001375646"
"199","ENSG00000203995","Upregulated","NM_001004339"
"200","ENSG00000117228","Downregulated","NM_002053"
"201","ENSG00000010256","Upregulated","NM_003365"
"202","ENSG00000170088","Downregulated","NM_001100389"
"203","ENSG00000077235","Upregulated","NM_001286242"
"204","ENSG00000273594","Upregulated","NM_001130053"
"205","ENSG00000100387","Upregulated","NM_014248"
"206","ENSG00000159685","Upregulated","NM_001320610"
"207","ENSG00000137492","Downregulated","NM_004705"
"208","ENSG00000178403","Upregulated","NM_024019"
"209","ENSG00000091039","Downregulated","NM_001003712"
"210","ENSG00000105379","Upregulated","NM_001014763"
"211","ENSG00000124243","Upregulated","NM_001010974"
"212","ENSG00000217555","Upregulated","NM_001040138"
"213","ENSG00000134072","Upregulated","NM_003656"
"214","ENSG00000184349","Upregulated","NM_001410773"
"215","ENSG00000136111","Upregulated","NM_001286658"
"216","ENSG00000110700","Upregulated","NM_001017"
"217","ENSG00000137825","Upregulated","NM_002220"
"218","ENSG00000031003","Downregulated","NM_001101800"
"219","ENSG00000055332","Downregulated","NM_001135651"
"220","ENSG00000104915","Upregulated","NM_001271609"
"221","ENSG00000196247","Downregulated","NM_001013746"
"222","ENSG00000083845","Upregulated","NM_001009"
"223","ENSG00000196730","Upregulated","NM_001288729"
"224","ENSG00000205542","Upregulated","NM_021109"
"225","ENSG00000138814","Downregulated","NM_000944"
"226","ENSG00000168118","Downregulated","NM_001271998"
"227","ENSG00000142937","Upregulated","NM_001012"
"228","ENSG00000158748","Upregulated","NM_000871"
"229","ENSG00000179119","Downregulated","NM_194285"
"230","ENSG00000163344","Upregulated","NM_001323011"
"231","ENSG00000188266","Upregulated","NM_001013619"
"232","ENSG00000118292","Upregulated","NM_001301039"
"233","ENSG00000154642","Downregulated","NM_001100420"
"234","ENSG00000139679","Downregulated","NM_001162497"
"235","ENSG00000174607","Downregulated","NM_001128174"
"236","ENSG00000147155","Upregulated","NM_006579"
"237","ENSG00000150455","Downregulated","NM_001039661"
"238","ENSG00000198931","Upregulated","NM_000485"
"239","ENSG00000112378","Upregulated","NM_022121"
"240","ENSG00000100030","Downregulated","NM_002745"
"241","ENSG00000001497","Upregulated","NM_001170649"
"242","ENSG00000132481","Upregulated","NM_033452"
"243","ENSG00000145425","Upregulated","NM_001006"
"244","ENSG00000131495","Upregulated","NM_001185012"
"245","ENSG00000159212","Upregulated","NM_001317009"
"246","ENSG00000093072","Downregulated","NM_001282225"
"247","ENSG00000116698","Downregulated","NM_001174061"
"248","ENSG00000183486","Downregulated","NM_002463"
"249","ENSG00000137038","Upregulated","NM_001318058"
"250","ENSG00000165168","Downregulated","NM_000397"
"251","ENSG00000144554","Upregulated","NM_001018115"
"252","ENSG00000125618","Upregulated","NM_003466"
"253","ENSG00000130560","Upregulated","NM_016172"
"254","ENSG00000100938","Upregulated","NM_001002000"
"255","ENSG00000152990","Upregulated","NM_145290"
"256","ENSG00000112306","Upregulated","NM_001016"
"257","ENSG00000135720","Downregulated","NM_001286157"
"258","ENSG00000134594","Upregulated","NM_004794"
"259","ENSG00000111224","Downregulated","NM_001286521"
"260","ENSG00000116898","Upregulated","NM_031280"
"261","ENSG00000205413","Downregulated","NM_001193307"
"262","ENSG00000185090","Upregulated","NM_001031740"
"263","ENSG00000146416","Upregulated","NM_001286587"
"264","ENSG00000198894","Downregulated","NM_033426"
"265","ENSG00000111775","Upregulated","NM_004373"
"266","ENSG00000156381","Upregulated","NM_001348651"
"267","ENSG00000168772","Upregulated","NM_025212"
"268","ENSG00000137288","Upregulated","NM_032340"
"269","ENSG00000117226","Downregulated","NM_001319179"
"270","ENSG00000177600","Upregulated","NM_001004"
"271","ENSG00000114200","Upregulated","NM_000055"
"272","ENSG00000182712","Upregulated","NM_001018024"
"273","ENSG00000101335","Upregulated","NM_006097"
"274","ENSG00000160256","Upregulated","NM_001316983"
"275","ENSG00000108479","Upregulated","NM_000154"
"276","ENSG00000168743","Upregulated","NM_001033047"
"277","ENSG00000160050","Upregulated","NM_001301011"
"278","ENSG00000166734","Downregulated","NM_138423"
"279","ENSG00000076770","Downregulated","NM_001170701"
"280","ENSG00000053371","Upregulated","NM_001320979"
"281","ENSG00000133121","Upregulated","NM_001243466"
"282","ENSG00000101132","Upregulated","NM_002623"
"283","ENSG00000168653","Upregulated","NM_001184979"
"284","ENSG00000107854","Downregulated","NM_025235"
"285","ENSG00000164626","Upregulated","NM_003740"
"286","ENSG00000125675","Upregulated","NM_000828"
"287","ENSG00000135940","Upregulated","NM_001862"
"288","ENSG00000081377","Upregulated","NM_001077181"
"289","ENSG00000178078","Upregulated","NM_001013841"
"290","ENSG00000126432","Upregulated","NM_001358511"
"291","ENSG00000229117","Upregulated","NM_001035267"
"292","ENSG00000174917","Upregulated","NM_001308240"
"293","ENSG00000126353","Upregulated","NM_001301714"
"294","ENSG00000188620","Upregulated","NM_001105574"
"295","ENSG00000175701","Upregulated","NM_001355251"
"296","ENSG00000102081","Downregulated","NM_001185075"
"297","ENSG00000125952","Downregulated","NM_001271068"
"298","ENSG00000213079","Downregulated","NM_001286188"
"299","ENSG00000157933","Downregulated","NM_003036"
"300","ENSG00000118855","Downregulated","NM_001167903"
"301","ENSG00000164951","Downregulated","NM_001161778"
"302","ENSG00000197892","Downregulated","NM_015254"
"303","ENSG00000137221","Downregulated","NM_001146016"
"304","ENSG00000172780","Downregulated","NM_001204883"
"305","ENSG00000145016","Downregulated","NM_001145642"
"306","ENSG00000166676","Upregulated","NM_001079512"
"307","ENSG00000106392","Downregulated","NM_020156"
"308","ENSG00000148841","Downregulated","NM_001272012"
"309","ENSG00000014641","Upregulated","NM_001199111"
"310","ENSG00000171853","Upregulated","NM_001321102"
"311","ENSG00000233345","Upregulated","NM_002441"
"312","ENSG00000135956","Downregulated","NM_001193304"
"313","ENSG00000104219","Downregulated","NM_001362988"
"314","ENSG00000161243","Upregulated","NM_178820"
"315","ENSG00000205213","Upregulated","NM_001346432"
"316","ENSG00000196465","Upregulated","NM_001199629"
"317","ENSG00000163840","Downregulated","NM_138287"
"318","ENSG00000111859","Downregulated","NM_001142393"
"319","ENSG00000111640","Upregulated","NM_001256799"
"320","ENSG00000176853","Downregulated","NM_001317917"
"321","ENSG00000152969","Upregulated","NM_001099433"
"322","ENSG00000110848","Downregulated","NM_001781"
"323","ENSG00000105258","Upregulated","NM_006233"
"324","ENSG00000173141","Upregulated","NM_024026"
"325","ENSG00000137154","Upregulated","NM_001010"
"326","ENSG00000177485","Downregulated","NM_001184742"
"327","ENSG00000132781","Upregulated","NM_001048171"
"328","ENSG00000079974","Downregulated","NM_001003789"
"329","ENSG00000179271","Upregulated","NM_052850"
"330","ENSG00000188816","Upregulated","NM_005519"
"331","ENSG00000235941","Upregulated","NM_005345"
"332","ENSG00000143786","Upregulated","NM_001322302"
"333","ENSG00000242361","Upregulated","NM_006120"
"334","ENSG00000175893","Downregulated","NM_001354118"
"335","ENSG00000154277","Upregulated","NM_004181"
"336","ENSG00000186063","Downregulated","NM_022831"
"337","ENSG00000122547","Upregulated","NM_030636"
"338","ENSG00000134061","Downregulated","NM_005582"
"339","ENSG00000178127","Upregulated","NM_021074"
"340","ENSG00000072682","Upregulated","NM_001017974"
"341","ENSG00000122643","Downregulated","NM_001002009"
"342","ENSG00000174928","Upregulated","NM_001308229"
"343","ENSG00000175536","Upregulated","NM_001144869"
"344","ENSG00000184857","Upregulated","NM_015421"
"345","ENSG00000186665","Upregulated","NM_001382359"
"346","ENSG00000163576","Upregulated","NM_001330688"
"347","ENSG00000166136","Upregulated","NM_001284367"
"348","ENSG00000177181","Upregulated","NM_173642"
"349","ENSG00000138674","Downregulated","NM_001077206"
"350","ENSG00000136942","Upregulated","NM_007209"
"351","ENSG00000135503","Downregulated","NM_001412774"
"352","ENSG00000120437","Upregulated","NM_001303253"
"353","ENSG00000169567","Upregulated","NM_005340"
"354","ENSG00000149273","Upregulated","NM_001005"
"355","ENSG00000131143","Upregulated","NM_001318786"
"356","ENSG00000115267","Downregulated","NM_022168"
"357","ENSG00000175602","Upregulated","NM_006848"
"358","ENSG00000104140","Upregulated","NM_133639"
"359","ENSG00000170955","Upregulated","NM_145040"
"360","ENSG00000004766","Downregulated","NM_001257998"
"361","ENSG00000119772","Downregulated","NM_001320892"
"362","ENSG00000110711","Upregulated","NM_001302959"
"363","ENSG00000108443","Downregulated","NM_001272042"
"364","ENSG00000157601","Downregulated","NM_001144925"
"365","ENSG00000204568","Upregulated","NM_014046"
"366","ENSG00000205302","Downregulated","NM_001278199"
"367","ENSG00000125995","Upregulated","NM_080748"
"368","ENSG00000278644","Upregulated","NM_001369614"
"369","ENSG00000107874","Upregulated","NM_024040"
"370","ENSG00000075568","Downregulated","NM_015348"
"371","ENSG00000167969","Upregulated","NM_001178029"
"372","ENSG00000145979","Upregulated","NM_001143964"
"373","ENSG00000138801","Downregulated","NM_005443"
"374","ENSG00000143256","Upregulated","NM_012394"
"375","ENSG00000068028","Upregulated","NM_001206957"
"376","ENSG00000106153","Upregulated","NM_001320327"
"377","ENSG00000115183","Upregulated","NM_001145909"
"378","ENSG00000118454","Downregulated","NM_030816"
"379","ENSG00000130348","Downregulated","NM_018292"
"380","ENSG00000242259","Upregulated","NM_001166242"
"381","ENSG00000105879","Downregulated","NM_001284291"
"382","ENSG00000117118","Upregulated","NM_001407361"
"383","ENSG00000177830","Upregulated","NM_001142674"
"384","ENSG00000149806","Upregulated","NM_001997"
"385","ENSG00000205138","Upregulated","NM_001042631"
"386","ENSG00000151687","Downregulated","NM_001378068"
"387","ENSG00000180992","Upregulated","NM_001318767"
"388","ENSG00000101109","Downregulated","NM_001352385"
"389","ENSG00000276432","Upregulated","NM_001034836"
"390","ENSG00000240972","Upregulated","NM_002415"
"391","ENSG00000057019","Upregulated","NM_080927"
"392","ENSG00000109756","Downregulated","NM_001351724"
"393","ENSG00000104783","Upregulated","NM_002250"
"394","ENSG00000214756","Upregulated","NM_001043229"
"395","ENSG00000204237","Upregulated","NM_001039842"
"396","ENSG00000139428","Upregulated","NM_052845"
"397","ENSG00000187257","Downregulated","NM_198467"
"398","ENSG00000205704","Upregulated","NM_001395940"
"399","ENSG00000120549","Upregulated","NM_001098500"
"400","ENSG00000236873","Upregulated","NM_001371437"
"401","ENSG00000140848","Upregulated","NM_152727"
"402","ENSG00000131469","Upregulated","NM_000988"
"403","ENSG00000145014","Upregulated","NM_001011655"
"404","ENSG00000213741","Upregulated","NM_001030001"
"405","ENSG00000066827","Upregulated","NM_001029939"
"406","ENSG00000128581","Upregulated","NM_001130820"
"407","ENSG00000127554","Upregulated","NM_005262"
"408","ENSG00000107518","Upregulated","NM_001276282"
"409","ENSG00000214827","Upregulated","NM_001018025"
"410","ENSG00000134419","Upregulated","NM_001019"
"411","ENSG00000260001","Upregulated","NM_001195259"
"412","ENSG00000115268","Upregulated","NM_001018"
"413","ENSG00000157551","Upregulated","NM_001276435"
"414","ENSG00000174886","Upregulated","NM_001193375"
"415","ENSG00000169740","Upregulated","NM_001005368"
"416","ENSG00000125835","Upregulated","NM_003091"
"417","ENSG00000130787","Downregulated","NM_001303097"
"418","ENSG00000100504","Upregulated","NM_001163940"
"419","ENSG00000092203","Downregulated","NM_001303523"
"420","ENSG00000146701","Upregulated","NM_001282403"
"421","ENSG00000145388","Downregulated","NM_020961"
"422","ENSG00000103363","Upregulated","NM_007108"
"423","ENSG00000048540","Upregulated","NM_001001395"
"424","ENSG00000163823","Downregulated","NM_001295"
"425","ENSG00000117691","Upregulated","NM_013349"
"426","ENSG00000164402","Upregulated","NM_001098811"
"427","ENSG00000168016","Downregulated","NM_001329998"
"428","ENSG00000163634","Upregulated","NM_001285387"
"429","ENSG00000136813","Upregulated","NM_001080398"
"430","ENSG00000109572","Downregulated","NM_001243372"
"431","ENSG00000214113","Upregulated","NM_001164840"
"432","ENSG00000214435","Upregulated","NM_020682"
"433","ENSG00000188171","Downregulated","NM_001076675"
"434","ENSG00000131069","Upregulated","NM_001076552"
"435","ENSG00000139722","Downregulated","NM_024667"
"436","ENSG00000144468","Downregulated","NM_001167608"
"437","ENSG00000127947","Downregulated","NM_001131008"
"438","ENSG00000130159","Upregulated","NM_001142464"
"439","ENSG00000137502","Downregulated","NM_001286059"
"440","ENSG00000001629","Downregulated","NM_019004"
"441","ENSG00000155903","Downregulated","NM_001303245"
"442","ENSG00000127948","Upregulated","NM_000941"
"443","ENSG00000185842","Upregulated","NM_001145154"
"444","ENSG00000283153","Upregulated","NM_004477"
"445","ENSG00000140396","Downregulated","NM_001321703"
"446","ENSG00000103152","Upregulated","NM_001015052"
"447","ENSG00000105552","Upregulated","NM_001164773"
"448","ENSG00000115286","Upregulated","NM_001363602"
"449","ENSG00000160796","Upregulated","NM_001365116"
"450","ENSG00000154655","Upregulated","NM_001330559"
"451","ENSG00000102934","Upregulated","NM_015993"
"452","ENSG00000101439","Upregulated","NM_000099"
"453","ENSG00000073282","Upregulated","NM_001114978"
"454","ENSG00000118689","Upregulated","NM_001415139"
"455","ENSG00000214944","Upregulated","NM_001080479"
"456","ENSG00000005243","Upregulated","NM_016429"
"457","ENSG00000176903","Downregulated","NM_006029"
"458","ENSG00000125356","Upregulated","NM_004541"
"459","ENSG00000170430","Upregulated","NM_002412"
"460","ENSG00000147684","Upregulated","NM_001278645"
"461","ENSG00000198755","Upregulated","NM_007104"
"462","ENSG00000064999","Downregulated","NM_015245"
"463","ENSG00000162434","Downregulated","NM_001320923"
"464","ENSG00000263001","Downregulated","NM_001163636"
"465","ENSG00000189339","Downregulated","NM_001110781"
"466","ENSG00000137965","Downregulated","NM_006417"
"467","ENSG00000223367","Upregulated","NM_022551"
"468","ENSG00000141959","Upregulated","NM_001002021"
"469","ENSG00000198218","Downregulated","NM_001320580"
"470","ENSG00000133731","Downregulated","NM_001144878"
"471","ENSG00000275052","Downregulated","NM_001122964"
"472","ENSG00000167283","Upregulated","NM_006476"
"473","ENSG00000156928","Upregulated","NM_138446"
"474","ENSG00000101596","Downregulated","NM_015295"
"475","ENSG00000228253","Downregulated","YP_003024030"
"476","ENSG00000133703","Downregulated","NM_001369786"
"477","ENSG00000075651","Upregulated","NM_001130081"
"478","ENSG00000171475","Downregulated","NM_133264"
"479","ENSG00000165644","Upregulated","NM_144589"
"480","ENSG00000063854","Upregulated","NM_001040427"
"481","ENSG00000140990","Upregulated","NM_004548"
"482","ENSG00000075415","Upregulated","NM_002635"
"483","ENSG00000130414","Upregulated","NM_001322019"
"484","ENSG00000172578","Upregulated","NM_130446"
"485","ENSG00000281151","Upregulated","NM_001382235"
"486","ENSG00000167863","Upregulated","NM_001003785"
"487","ENSG00000214575","Upregulated","NM_001079533"
"488","ENSG00000069493","Downregulated","NM_001004419"
"489","ENSG00000132661","Upregulated","NM_013248"
"490","ENSG00000152778","Downregulated","NM_012420"
"491","ENSG00000137200","Downregulated","NM_015050"
"492","ENSG00000169021","Upregulated","NM_006003"
"493","ENSG00000240204","Upregulated","NM_001195243"
"494","ENSG00000165406","Downregulated","NM_001002265"
"495","ENSG00000220201","Upregulated","NM_001103167"
"496","ENSG00000011332","Upregulated","NM_001135155"
"497","ENSG00000160218","Downregulated","NM_001001723"
"498","ENSG00000162736","Downregulated","NM_001290184"
"499","ENSG00000151876","Upregulated","NM_001297437"
"500","ENSG00000120949","Upregulated","NM_001243"
"501","ENSG00000177409","Downregulated","NM_001303496"
"502","ENSG00000205981","Upregulated","NM_001190233"
"503","ENSG00000141759","Upregulated","NM_001303471"
"504","ENSG00000137075","Downregulated","NM_022781"
"505","ENSG00000245680","Downregulated","NM_152279"
"506","ENSG00000183722","Upregulated","NM_005780"
"507","ENSG00000090924","Downregulated","NM_001351693"
"508","ENSG00000105372","Upregulated","NM_001022"
"509","ENSG00000135090","Downregulated","NM_001346487"
"510","ENSG00000134326","Downregulated","NM_001256477"
"511","ENSG00000204271","Downregulated","NM_001010862"
"512","ENSG00000204305","Upregulated","NM_001136"
"513","ENSG00000165895","Downregulated","NM_001367945"
"514","ENSG00000104904","Upregulated","NM_001301020"
"515","ENSG00000119778","Downregulated","NM_001242338"
"516","ENSG00000157625","Downregulated","NM_001399870"
"517","ENSG00000213281","Downregulated","NM_002524"
"518","ENSG00000198521","Downregulated","NM_001256648"
"519","ENSG00000133142","Upregulated","NM_001006935"
"520","ENSG00000172428","Upregulated","NM_001163424"
"521","ENSG00000211450","Upregulated","NM_001321335"
"522","ENSG00000130589","Downregulated","NM_001037335"
"523","ENSG00000131724","Upregulated","NM_001560"
"524","ENSG00000143756","Downregulated","NM_001136115"
"525","ENSG00000023287","Downregulated","NM_001083617"
"526","ENSG00000167258","Downregulated","NM_015083"
"527","ENSG00000138326","Upregulated","NM_001026"
"528","ENSG00000061938","Downregulated","NM_001010938"
"529","ENSG00000166145","Upregulated","NM_001032367"
"530","ENSG00000164742","Upregulated","NM_001281768"
"531","ENSG00000241360","Upregulated","NM_020315"
"532","ENSG00000083097","Downregulated","NM_001199942"
"533","ENSG00000151929","Upregulated","NM_004281"
"534","ENSG00000051620","Upregulated","NM_001326380"
"535","ENSG00000110717","Upregulated","NM_002496"
"536","ENSG00000143641","Downregulated","NM_001291866"
"537","ENSG00000206206","Upregulated","NM_001141969"
"538","ENSG00000143384","Downregulated","NM_001197320"
"539","ENSG00000178860","Upregulated","NM_005098"
"540","ENSG00000112651","Upregulated","NM_001300848"
"541","ENSG00000040487","Upregulated","NM_001040125"
"542","ENSG00000146242","Upregulated","NM_001166392"
"543","ENSG00000179933","Upregulated","NM_017924"
"544","ENSG00000063601","Downregulated","NM_001306144"
"545","ENSG00000136169","Downregulated","NM_001160308"
"546","ENSG00000148450","Upregulated","NM_012228"
"547","ENSG00000132334","Downregulated","NM_001316676"
"548","ENSG00000139116","Upregulated","NM_001173463"
"549","ENSG00000001631","Downregulated","NM_001013406"
"550","ENSG00000015475","Upregulated","NM_001196"
"551","ENSG00000008988","Upregulated","NM_001023"
"552","ENSG00000243678","Upregulated","NM_001018137"
"553","ENSG00000090061","Downregulated","NM_001099402"
"554","ENSG00000119333","Upregulated","NM_052844"
"555","ENSG00000198964","Downregulated","NM_147156"
"556","ENSG00000145819","Upregulated","NM_001135608"
"557","ENSG00000137936","Upregulated","NM_001261408"
"558","ENSG00000100138","Upregulated","NM_001003796"
"559","ENSG00000261796","Downregulated","NM_001204890"
"560","ENSG00000161016","Upregulated","NM_000973"
"561","ENSG00000234920","Upregulated","NM_001204078"
"562","ENSG00000115904","Downregulated","NM_001382394"
"563","ENSG00000188001","Upregulated","NM_198485"
"564","ENSG00000115977","Downregulated","NM_001371575"
"565","ENSG00000149743","Upregulated","NM_001033678"
"566","ENSG00000169599","Upregulated","NM_001002755"
"567","ENSG00000081181","Upregulated","NM_001172"
"568","ENSG00000139746","Downregulated","NM_001286631"
"569","ENSG00000130592","Upregulated","NM_001013253"
"570","ENSG00000182732","Upregulated","NM_001204416"
"571","ENSG00000205765","Downregulated","NM_175921"
"572","ENSG00000125484","Downregulated","NM_012204"
"573","ENSG00000164885","Upregulated","NM_001164410"
"574","ENSG00000075914","Upregulated","NM_015004"
"575","ENSG00000080603","Downregulated","NM_006662"
"576","ENSG00000188786","Downregulated","NM_005955"
"577","ENSG00000163923","Upregulated","NM_052969"
"578","ENSG00000103472","Downregulated","NR_003369"
"579","ENSG00000107960","Upregulated","NM_024928"
"580","ENSG00000228463","Upregulated","NR_182074"
"581","ENSG00000151948","Upregulated","NM_001366886"
"582","ENSG00000170234","Downregulated","NM_001130864"
"583","ENSG00000242114","Upregulated","NM_001003704"
"584","ENSG00000143774","Upregulated","NM_000858"
"585","ENSG00000183621","Upregulated","NM_001143766"
"586","ENSG00000197283","Downregulated","NM_001130066"
"587","ENSG00000143061","Upregulated","NM_001007237"
"588","ENSG00000108984","Downregulated","NM_001330450"
"589","ENSG00000260456","Upregulated","NM_001195124"
"590","ENSG00000180822","Upregulated","NM_001128591"
"591","ENSG00000168813","Downregulated","NM_001136156"
"592","ENSG00000136709","Downregulated","NM_001006622"
"593","ENSG00000059758","Downregulated","NM_001170464"
"594","ENSG00000282954","Upregulated","NM_024907"
"595","ENSG00000105928","Upregulated","NM_001127453"
"596","ENSG00000143494","Upregulated","NM_001136474"
"597","ENSG00000130332","Upregulated","NM_016199"
"598","ENSG00000197081","Downregulated","NM_000876"
"599","ENSG00000172345","Upregulated","NM_030574"
"600","ENSG00000112304","Upregulated","NM_001160094"
"601","ENSG00000105771","Upregulated","NM_019108"
"602","ENSG00000117411","Upregulated","NM_001005417"
"603","ENSG00000164465","Upregulated","NM_001366458"
"604","ENSG00000134313","Downregulated","NM_001348729"
"605","ENSG00000138061","Upregulated","NM_000104"
"606","ENSG00000159164","Upregulated","NM_001278719"
"607","ENSG00000157680","Upregulated","NM_001321708"
"608","ENSG00000105583","Upregulated","NM_016145"
"609","ENSG00000126746","Downregulated","NM_001039916"
"610","ENSG00000198887","Downregulated","NM_015110"
"611","ENSG00000158042","Upregulated","NM_022061"
"612","ENSG00000137628","Downregulated","NM_001410861"
"613","ENSG00000105185","Upregulated","NM_004708"
"614","ENSG00000164405","Upregulated","NM_014402"
"615","ENSG00000183137","Upregulated","NM_001083535"
"616","ENSG00000205629","Upregulated","NM_001032391"
"617","ENSG00000110921","Upregulated","NM_000431"
"618","ENSG00000175906","Upregulated","NM_001661"
"619","ENSG00000179399","Upregulated","NM_004466"
"620","ENSG00000147123","Upregulated","NM_001135998"
"621","ENSG00000170873","Downregulated","NM_001282971"
"622","ENSG00000112394","Upregulated","NM_018593"
"623","ENSG00000242612","Upregulated","NM_020664"
"624","ENSG00000282986","Upregulated","NM_001300992"
"625","ENSG00000188906","Downregulated","NM_198578"
"626","ENSG00000133612","Upregulated","NM_001042535"
"627","ENSG00000196329","Upregulated","NM_018384"
"628","ENSG00000106302","Upregulated","NM_012269"
"629","ENSG00000143314","Upregulated","NM_024540"
"630","ENSG00000142875","Downregulated","NM_001242857"
"631","ENSG00000135314","Upregulated","NM_001251874"
"632","ENSG00000198258","Upregulated","NM_001048241"
"633","ENSG00000198242","Upregulated","NM_000984"
"634","ENSG00000107099","Downregulated","NM_001190458"
"635","ENSG00000138835","Upregulated","NM_001276260"
"636","ENSG00000119541","Downregulated","NM_004869"
"637","ENSG00000276880","Upregulated","NM_145249"
"638","ENSG00000050438","Upregulated","NM_001039960"
"639","ENSG00000142541","Upregulated","NM_001270491"
"640","ENSG00000103034","Upregulated","NM_001130487"
"641","ENSG00000105193","Upregulated","NM_001020"
"642","ENSG00000276701","Upregulated","NM_002415"
"643","ENSG00000129933","Downregulated","NM_015329"
"644","ENSG00000145741","Upregulated","NM_001037637"
"645","ENSG00000140988","Upregulated","NM_002952"
"646","ENSG00000140563","Downregulated","NM_001159643"
"647","ENSG00000072803","Downregulated","NM_001378974"
"648","ENSG00000136874","Downregulated","NM_017919"
"649","ENSG00000177854","Upregulated","NM_003492"
"650","ENSG00000025800","Downregulated","NM_012316"
"651","ENSG00000163541","Upregulated","NM_003849"
"652","ENSG00000147164","Downregulated","NM_001256185"
"653","ENSG00000275290","Upregulated","NM_001130917"
"654","ENSG00000097021","Upregulated","NM_007274"
"655","ENSG00000094631","Downregulated","NM_001321225"
"656","ENSG00000147813","Upregulated","NM_001286829"
"657","ENSG00000235844","Upregulated","NM_001242524"
"658","ENSG00000085982","Upregulated","NM_001365479"
"659","ENSG00000223551","Upregulated","NM_182794"
"660","ENSG00000036054","Downregulated","NM_001199198"
"661","ENSG00000102858","Downregulated","NM_001142289"
"662","ENSG00000185043","Upregulated","NM_001277764"
"663","ENSG00000163728","Downregulated","NM_001042601"
"664","ENSG00000064932","Downregulated","NM_001100122"
"665","ENSG00000125611","Upregulated","NM_001304353"
"666","ENSG00000186566","Downregulated","NM_001002909"
"667","ENSG00000242550","Upregulated","NM_005024"
"668","ENSG00000111863","Upregulated","NM_001143948"
"669","ENSG00000130520","Upregulated","NM_001252129"
"670","ENSG00000140262","Downregulated","NM_001306219"
"671","ENSG00000101247","Upregulated","NM_001039375"
"672","ENSG00000140943","Downregulated","NM_003791"
"673","ENSG00000224470","Downregulated","NM_001137675"
"674","ENSG00000185745","Downregulated","NM_001270927"
"675","ENSG00000111678","Upregulated","NM_001301834"
"676","ENSG00000163794","Upregulated","NM_003353"
"677","ENSG00000128309","Upregulated","NM_001013436"
"678","ENSG00000147133","Downregulated","NM_001286074"
"679","ENSG00000135749","Downregulated","NM_001328607"
"680","ENSG00000171234","Upregulated","NM_001074"
"681","ENSG00000166444","Upregulated","NM_001376495"
"682","ENSG00000258315","Upregulated","NM_001142798"
"683","ENSG00000063177","Upregulated","NM_000979"
"684","ENSG00000182141","Downregulated","NM_001297560"
"685","ENSG00000067900","Downregulated","NM_005406"
"686","ENSG00000159023","Upregulated","NM_001166005"
"687","ENSG00000267855","Upregulated","NM_005001"
"688","ENSG00000165660","Downregulated","NM_032182"
"689","ENSG00000163349","Downregulated","NM_001369806"
"690","ENSG00000204642","Upregulated","NM_001098478"
"691","ENSG00000106853","Upregulated","NM_001146108"
"692","ENSG00000119977","Downregulated","NM_001143973"
"693","ENSG00000142168","Upregulated","NM_000454"
"694","ENSG00000231945","Upregulated","NM_006295"
"695","ENSG00000163681","Downregulated","NM_001304420"
"696","ENSG00000119917","Downregulated","NM_001031683"
"697","ENSG00000150093","Downregulated","NM_002211"
"698","ENSG00000116670","Upregulated","NM_001127325"
"699","ENSG00000103512","Upregulated","NM_014287"
"700","ENSG00000198286","Downregulated","NM_001324281"
"701","ENSG00000089009","Upregulated","NM_000970"
"702","ENSG00000116711","Upregulated","NM_001311193"
"703","ENSG00000121410","Upregulated","NM_130786"
"704","ENSG00000137100","Upregulated","NM_001281425"
"705","ENSG00000117906","Upregulated","NM_001271837"
"706","ENSG00000082458","Downregulated","NM_001166278"
"707","ENSG00000058272","Downregulated","NM_001143885"
"708","ENSG00000213139","Upregulated","NM_017541"
"709","ENSG00000109171","Downregulated","NM_020846"
"710","ENSG00000270629","Upregulated","NM_001395631"
"711","ENSG00000166860","Downregulated","NM_014830"
"712","ENSG00000170889","Upregulated","NM_001013"
"713","ENSG00000189308","Downregulated","NM_001115007"
"714","ENSG00000100473","Upregulated","NM_001135058"
"715","ENSG00000071073","Upregulated","NM_001160154"
"716","ENSG00000065833","Upregulated","NM_002395"
"717","ENSG00000182473","Downregulated","NM_001013839"
"718","ENSG00000277222","Downregulated","NM_001002860"
"719","ENSG00000167740","Upregulated","NM_001254755"
"720","ENSG00000275023","Downregulated","NM_005937"
"721","ENSG00000115325","Upregulated","NM_001197260"
"722","ENSG00000120451","Downregulated","NM_001301089"
"723","ENSG00000197885","Upregulated","NM_001377351"
"724","ENSG00000162910","Upregulated","NM_001321284"
"725","ENSG00000160190","Downregulated","NM_001320537"
"726","ENSG00000116586","Upregulated","NM_001145264"
"727","ENSG00000138363","Upregulated","NM_004044"
"728","ENSG00000116691","Upregulated","NM_001025374"
"729","ENSG00000122783","Upregulated","NM_001243749"
"730","ENSG00000076685","Downregulated","NM_001134373"
"731","ENSG00000137274","Upregulated","NM_001302777"
"732","ENSG00000114391","Upregulated","NM_000986"
"733","ENSG00000174547","Upregulated","NM_016050"
"734","ENSG00000168807","Downregulated","NM_006750"
"735","ENSG00000183624","Downregulated","NM_001006109"
"736","ENSG00000099624","Upregulated","NM_001001975"
"737","ENSG00000112667","Upregulated","NM_006443"
"738","ENSG00000060749","Downregulated","NM_001076786"
"739","ENSG00000189233","Downregulated","NM_001010906"
"740","ENSG00000243927","Upregulated","NM_032476"
"741","ENSG00000232112","Upregulated","NM_001329417"
"742","ENSG00000166171","Upregulated","NM_001329742"
"743","ENSG00000104872","Upregulated","NM_017916"
"744","ENSG00000166783","Downregulated","NM_001184998"
"745","ENSG00000129103","Upregulated","NM_001042468"
"746","ENSG00000121060","Downregulated","NM_005082"
"747","ENSG00000126106","Upregulated","NM_001300746"
"748","ENSG00000102890","Upregulated","NM_024712"
"749","ENSG00000172586","Upregulated","NM_203298"
"750","ENSG00000152818","Downregulated","NM_001375323"
"751","ENSG00000134330","Upregulated","NM_001039613"
"752","ENSG00000166949","Downregulated","NM_001145102"
"753","ENSG00000125691","Upregulated","NM_000978"
"754","ENSG00000241863","Upregulated","NM_001199120"
"755","ENSG00000153786","Downregulated","NM_001145548"
"756","ENSG00000172590","Upregulated","NM_001318870"
"757","ENSG00000127838","Upregulated","NM_001077399"
"758","ENSG00000274047","Downregulated","NM_001163544"
"759","ENSG00000197756","Upregulated","NM_000998"
"760","ENSG00000153140","Upregulated","NM_001297765"
"761","ENSG00000136144","Downregulated","NM_001352500"
"762","ENSG00000139168","Upregulated","NM_033114"
"763","ENSG00000171421","Upregulated","NM_032479"
"764","ENSG00000224877","Upregulated","NM_001086521"
"765","ENSG00000132341","Upregulated","NM_001300796"
"766","ENSG00000280858","Upregulated","NM_000972"
"767","ENSG00000101546","Upregulated","NM_001171967"
"768","ENSG00000172943","Downregulated","NM_001184896"
"769","ENSG00000005893","Downregulated","NM_001122606"
"770","ENSG00000124172","Upregulated","NM_006886"
"771","ENSG00000107036","Downregulated","NM_001135920"
"772","ENSG00000156232","Downregulated","NM_001080435"
"773","ENSG00000159459","Downregulated","NM_174916"
"774","ENSG00000089157","Upregulated","NM_001002"
"775","ENSG00000169860","Upregulated","NM_002563"
"776","ENSG00000280663","Downregulated","NM_001104925"
"777","ENSG00000137310","Upregulated","NM_001077511"
"778","ENSG00000117475","Downregulated","NM_001320972"
"779","ENSG00000105383","Upregulated","NM_001082618"
"780","ENSG00000115318","Upregulated","NM_001289164"
"781","ENSG00000164124","Upregulated","NM_018342"
"782","ENSG00000283060","Upregulated","NM_002167"
"783","ENSG00000122386","Upregulated","NM_001042428"
"784","ENSG00000197324","Downregulated","NM_001329226"
"785","ENSG00000205730","Upregulated","NM_001034841"
"786","ENSG00000072858","Downregulated","NM_001308350"
"787","ENSG00000213516","Downregulated","NM_001162536"
"788","ENSG00000115159","Downregulated","NM_000408"
"789","ENSG00000165525","Downregulated","NM_001301732"
"790","ENSG00000171720","Upregulated","NM_001355039"
"791","ENSG00000198876","Downregulated","NM_015397"
"792","ENSG00000154429","Downregulated","NM_001410936"
"793","ENSG00000174953","Downregulated","NM_001114397"
"794","ENSG00000168385","Downregulated","NM_001008491"
"795","ENSG00000105875","Downregulated","NM_001362736"
"796","ENSG00000152484","Downregulated","NM_182488"
"797","ENSG00000162004","Upregulated","NM_001031737"
"798","ENSG00000126803","Upregulated","NM_001387931"
"799","ENSG00000168256","Downregulated","NM_001001349"
"800","ENSG00000105887","Downregulated","NM_145808"
"801","ENSG00000152332","Downregulated","NM_001184763"
"802","ENSG00000241132","Upregulated","NM_021221"
"803","ENSG00000229809","Upregulated","NM_001024683"
"804","ENSG00000155506","Downregulated","NM_001367713"
"805","ENSG00000111452","Upregulated","NM_001330497"
"806","ENSG00000004487","Upregulated","NM_001009999"
"807","ENSG00000108100","Downregulated","NM_001282852"
"808","ENSG00000188343","Upregulated","NM_001283034"
"809","ENSG00000166135","Downregulated","NM_017902"
"810","ENSG00000121966","Upregulated","NM_001008540"
"811","ENSG00000124459","Downregulated","NM_003425"
"812","ENSG00000182196","Upregulated","NM_001002251"
"813","ENSG00000104490","Upregulated","NM_001040624"
"814","ENSG00000139637","Upregulated","NM_021640"
"815","ENSG00000164587","Upregulated","NM_001025070"
"816","ENSG00000142327","Upregulated","NM_018226"
"817","ENSG00000105669","Upregulated","NM_001330469"
"818","ENSG00000136754","Downregulated","NM_001012750"
"819","ENSG00000103253","Upregulated","NM_001290137"
"820","ENSG00000132274","Downregulated","NM_001199573"
"821","ENSG00000112739","Downregulated","NM_003913"
"822","ENSG00000271503","Upregulated","NM_001278736"
"823","ENSG00000183011","Upregulated","NM_001320924"
"824","ENSG00000166888","Downregulated","NM_001178078"
"825","ENSG00000099795","Upregulated","NM_004146"
"826","ENSG00000122218","Downregulated","NM_001098398"
"827","ENSG00000138030","Upregulated","NM_000221"
"828","ENSG00000132356","Downregulated","NM_001355028"
"829","ENSG00000135931","Upregulated","NM_001271466"
"830","ENSG00000253352","Downregulated","NM_001396518"
"831","ENSG00000118596","Downregulated","NM_001270622"
"832","ENSG00000102572","Downregulated","NM_001032296"
"833","ENSG00000114439","Downregulated","NM_001142568"
"834","ENSG00000127311","Downregulated","NM_001370285"
"835","ENSG00000183648","Upregulated","NM_004545"
"836","ENSG00000250479","Upregulated","NM_001301339"
"837","ENSG00000112531","Downregulated","NM_001301085"
"838","ENSG00000166681","Upregulated","NM_001282674"
"839","ENSG00000170545","Upregulated","NM_001031628"
"840","ENSG00000066654","Downregulated","NM_001304550"
"841","ENSG00000147604","Upregulated","NM_000971"
"842","ENSG00000102034","Downregulated","NM_001127197"
"843","ENSG00000139263","Upregulated","NM_001136051"
"844","ENSG00000114127","Downregulated","NM_001042604"
"845","ENSG00000038427","Upregulated","NM_001126336"
"846","ENSG00000083838","Upregulated","NM_001304453"
"847","ENSG00000141577","Upregulated","NM_001009811"
"848","ENSG00000089057","Upregulated","NM_005116"
"849","ENSG00000186376","Downregulated","NM_001185063"
"850","ENSG00000176444","Downregulated","NM_001291"
"851","ENSG00000283056","Upregulated","NM_145252"
"852","ENSG00000130748","Upregulated","NM_017854"
"853","ENSG00000213886","Upregulated","NM_006398"
"854","ENSG00000173156","Upregulated","NM_001300886"
"855","ENSG00000165417","Downregulated","NM_001278940"
"856","ENSG00000173193","Downregulated","NM_017554"
"857","ENSG00000135698","Upregulated","NM_005792"
"858","ENSG00000227500","Downregulated","NM_001329539"
"859","ENSG00000135250","Downregulated","NM_001278273"
"860","ENSG00000178096","Upregulated","NM_001321025"
"861","ENSG00000137478","Downregulated","NM_014824"
"862","ENSG00000247596","Upregulated","NM_007284"
"863","ENSG00000058673","Downregulated","NM_001319238"
"864","ENSG00000218739","Upregulated","NM_001322373"
"865","ENSG00000106591","Upregulated","NM_031903"
"866","ENSG00000164647","Upregulated","NM_012449"
"867","ENSG00000162819","Downregulated","NM_001288579"
"868","ENSG00000100417","Upregulated","NM_002676"
"869","ENSG00000164715","Downregulated","NM_014916"
"870","ENSG00000126756","Upregulated","NM_004182"
"871","ENSG00000111670","Downregulated","NM_024312"
"872","ENSG00000145349","Downregulated","NM_001221"
"873","ENSG00000100532","Upregulated","NM_006568"
"874","ENSG00000198937","Upregulated","NM_138493"
"875","ENSG00000204822","Upregulated","NM_053050"
"876","ENSG00000105339","Upregulated","NM_001352890"
"877","ENSG00000164038","Downregulated","NM_001300754"
"878","ENSG00000171100","Downregulated","NM_000252"
"879","ENSG00000135617","Upregulated","NM_032319"
"880","ENSG00000228789","Upregulated","NM_001348249"
"881","ENSG00000139998","Upregulated","NM_001308154"
"882","ENSG00000042753","Upregulated","NM_001301076"
"883","ENSG00000184515","Upregulated","NM_001012978"
"884","ENSG00000134982","Downregulated","NM_000038"
"885","ENSG00000141867","Downregulated","NM_001330384"
"886","ENSG00000137818","Upregulated","NM_001003"
"887","ENSG00000153936","Downregulated","NM_001134492"
"888","ENSG00000131023","Downregulated","NM_001270519"
"889","ENSG00000166337","Upregulated","NM_006284"
"890","ENSG00000172366","Upregulated","NM_001331229"
"891","ENSG00000106588","Upregulated","NM_002787"
"892","ENSG00000170802","Downregulated","NM_001375442"
"893","ENSG00000105127","Downregulated","NM_005858"
"894","ENSG00000179195","Downregulated","NM_001204298"
"895","ENSG00000185019","Upregulated","NM_001267584"
"896","ENSG00000143947","Upregulated","NM_001135592"
"897","ENSG00000198825","Upregulated","NM_001243194"
"898","ENSG00000095380","Upregulated","NM_018946"
"899","ENSG00000167526","Upregulated","NM_000977"
"900","ENSG00000116096","Upregulated","NM_003124"
"901","ENSG00000105221","Downregulated","NM_001243027"
"902","ENSG00000187796","Upregulated","NM_022352"
"903","ENSG00000184588","Downregulated","NM_001037339"
"904","ENSG00000151967","Upregulated","NM_001197107"
"905","ENSG00000136051","Downregulated","NM_001293640"
"906","ENSG00000076108","Downregulated","NM_001300905"
"907","ENSG00000187699","Upregulated","NM_001042519"
"908","ENSG00000166266","Downregulated","NM_003478"
"909","ENSG00000177045","Upregulated","NM_175875"
"910","ENSG00000185591","Downregulated","NM_001251825"
"911","ENSG00000023516","Downregulated","NM_016248"
"912","ENSG00000162961","Upregulated","NM_001321209"
"913","ENSG00000174010","Downregulated","NM_030624"
"914","ENSG00000024048","Downregulated","NM_001184801"
"915","ENSG00000181924","Upregulated","NM_016565"
"916","ENSG00000170113","Downregulated","NM_001142275"
"917","ENSG00000047621","Downregulated","NM_001304811"
"918","ENSG00000134644","Downregulated","NM_001020658"
"919","ENSG00000164823","Downregulated","NM_001126111"
"920","ENSG00000130731","Upregulated","NM_001040160"
"921","ENSG00000233276","Upregulated","NM_000581"
"922","ENSG00000163093","Upregulated","NM_152384"
"923","ENSG00000137073","Downregulated","NM_001282529"
"924","ENSG00000105426","Upregulated","NM_001394011"
"925","ENSG00000004059","Upregulated","NM_001662"
"926","ENSG00000005810","Downregulated","NM_015057"
"927","ENSG00000136021","Downregulated","NM_001317784"
"928","ENSG00000065526","Downregulated","NM_015001"
"929","ENSG00000141756","Upregulated","NM_021939"
"930","ENSG00000103353","Downregulated","NM_019116"
"931","ENSG00000122406","Upregulated","NM_000969"
"932","ENSG00000241343","Upregulated","NM_001199972"
"933","ENSG00000102043","Upregulated","NM_017677"
"934","ENSG00000168028","Upregulated","NM_001304288"
"935","ENSG00000137845","Downregulated","NM_001110"
"936","ENSG00000088682","Upregulated","NM_020312"
"937","ENSG00000147854","Downregulated","NM_152306"
"938","ENSG00000176533","Downregulated","NM_052847"
"939","ENSG00000173660","Upregulated","NM_001297565"
"940","ENSG00000182134","Upregulated","NM_001083963"
"941","ENSG00000156467","Upregulated","NM_001199975"
"942","ENSG00000108518","Upregulated","NM_001375991"
"943","ENSG00000072506","Upregulated","NM_001037811"
"944","ENSG00000088766","Upregulated","NM_001127458"
"945","ENSG00000166987","Downregulated","NM_052897"
"946","ENSG00000083168","Downregulated","NM_001099412"
"947","ENSG00000198642","Downregulated","NM_001040713"
"948","ENSG00000054148","Upregulated","NM_001135860"
"949","ENSG00000282228","Upregulated","NM_016069"
"950","ENSG00000169241","Upregulated","NM_001122837"
"951","ENSG00000171222","Upregulated","NM_001385710"
"952","ENSG00000011566","Downregulated","NM_001270425"
"953","ENSG00000008277","Upregulated","NM_001324417"
"954","ENSG00000133106","Downregulated","NM_001002264"
"955","ENSG00000166595","Upregulated","NM_016062"
"956","ENSG00000123411","Downregulated","NM_001351089"
"957","ENSG00000169403","Upregulated","NM_000952"
"958","ENSG00000124201","Downregulated","NM_021035"
"959","ENSG00000128311","Upregulated","NM_001270483"
"960","ENSG00000221823","Downregulated","NM_000945"
"961","ENSG00000066027","Downregulated","NM_001199756"
"962","ENSG00000186660","Downregulated","NM_001197051"
"963","ENSG00000110090","Downregulated","NM_001031847"
"964","ENSG00000100097","Upregulated","NM_002305"
"965","ENSG00000102763","Downregulated","NM_001009814"
"966","ENSG00000263290","Upregulated","NM_005698"
"967","ENSG00000217930","Upregulated","NM_016069"
"968","ENSG00000172301","Upregulated","NM_001330176"
"969","ENSG00000280627","Upregulated","NM_001280787"
"970","ENSG00000168297","Upregulated","NM_001289095"
"971","ENSG00000164168","Downregulated","NM_018241"
"972","ENSG00000140992","Downregulated","NM_001261816"
"973","ENSG00000097007","Downregulated","NM_005157"
"974","ENSG00000138592","Downregulated","NM_001128610"
"975","ENSG00000169371","Upregulated","NM_001042581"
"976","ENSG00000188636","Upregulated","NM_032287"
"977","ENSG00000164031","Downregulated","NM_001031723"
"978","ENSG00000178057","Upregulated","NM_199069"
"979","ENSG00000282853","Upregulated","NM_001398"
"980","ENSG00000182180","Upregulated","NM_001410935"
"981","ENSG00000167862","Upregulated","NM_001303265"
"982","ENSG00000084093","Downregulated","NM_001193508"
"983","ENSG00000205339","Downregulated","NM_006391"
"984","ENSG00000171530","Upregulated","NM_001297738"
"985","ENSG00000172663","Upregulated","NM_001078650"
"986","ENSG00000161920","Upregulated","NM_001001683"
"987","ENSG00000168090","Upregulated","NM_006833"
"988","ENSG00000146872","Downregulated","NM_001112707"
"989","ENSG00000106415","Downregulated","NM_138426"
"990","ENSG00000113558","Upregulated","NM_006930"
"991","ENSG00000126453","Upregulated","NM_001040668"
"992","ENSG00000178163","Downregulated","NM_001375816"
"993","ENSG00000103194","Downregulated","NM_001272075"
"994","ENSG00000180747","Downregulated","NR_027155"
"995","ENSG00000196544","Upregulated","NM_017622"
"996","ENSG00000007129","Upregulated","NM_001098506"
"997","ENSG00000070501","Upregulated","NM_002690"
"998","ENSG00000205593","Upregulated","NM_001001794"
"999","ENSG00000135999","Downregulated","NM_015630"
"1000","ENSG00000163877","Downregulated","NM_024700"
"1001","ENSG00000176946","Upregulated","NM_001164356"
"1002","ENSG00000112893","Downregulated","NM_002372"
"1003","ENSG00000049656","Upregulated","NM_030782"
"1004","ENSG00000109775","Upregulated","NM_018359"
"1005","ENSG00000117419","Upregulated","NM_001301698"
"1006","ENSG00000124222","Downregulated","NM_001001433"
"1007","ENSG00000177189","Downregulated","NM_004586"
"1008","ENSG00000115966","Downregulated","NM_001256090"
"1009","ENSG00000069956","Downregulated","NM_002748"
"1010","ENSG00000258790","Downregulated","NM_001256678"
"1011","ENSG00000141391","Upregulated","NM_001142405"
"1012","ENSG00000125656","Upregulated","NM_006012"
"1013","ENSG00000212907","Downregulated","YP_003024034"
"1014","ENSG00000163660","Downregulated","NM_001308185"
"1015","ENSG00000240184","Upregulated","NM_002588"
"1016","ENSG00000198721","Upregulated","NM_001166010"
"1017","ENSG00000146676","Downregulated","NM_033224"
"1018","ENSG00000276061","Upregulated","NM_004542"
"1019","ENSG00000169738","Upregulated","NM_001195218"
"1020","ENSG00000135838","Upregulated","NM_001200050"
"1021","ENSG00000122126","Downregulated","NM_000276"
"1022","ENSG00000165283","Upregulated","NM_001287031"
"1023","ENSG00000149476","Upregulated","NM_001351976"
"1024","ENSG00000198353","Upregulated","NM_014620"
"1025","ENSG00000213977","Upregulated","NM_001204698"
"1026","ENSG00000125652","Upregulated","NM_032306"
"1027","ENSG00000176261","Upregulated","NM_001308135"
"1028","ENSG00000238134","Upregulated","NM_001289413"
"1029","ENSG00000148950","Upregulated","NM_001304274"
"1030","ENSG00000151388","Upregulated","NM_001324511"
"1031","ENSG00000166452","Upregulated","NM_001206645"
"1032","ENSG00000134440","Downregulated","NM_004539"
"1033","ENSG00000121858","Downregulated","NM_001190942"
"1034","ENSG00000127483","Downregulated","NM_001372052"
"1035","ENSG00000120798","Upregulated","NM_001032287"
"1036","ENSG00000167792","Upregulated","NM_001166102"
"1037","ENSG00000054118","Downregulated","NM_001321471"
"1038","ENSG00000143569","Downregulated","NM_001127320"
"1039","ENSG00000139826","Downregulated","NM_032859"
"1040","ENSG00000154079","Upregulated","NM_145267"
"1041","ENSG00000135597","Upregulated","NM_001128617"
"1042","ENSG00000275074","Upregulated","NM_024815"
"1043","ENSG00000082258","Downregulated","NM_001241"
"1044","ENSG00000152291","Downregulated","NM_001206840"
"1045","ENSG00000133250","Upregulated","NM_001146175"
"1046","ENSG00000280548","Upregulated","NM_001436"
"1047","ENSG00000156411","Upregulated","NM_001127393"
"1048","ENSG00000185760","Downregulated","NM_001160130"
"1049","ENSG00000166747","Downregulated","NM_001030007"
"1050","ENSG00000115282","Downregulated","NM_001376129"
"1051","ENSG00000111642","Downregulated","NM_001273"
"1052","ENSG00000204922","Upregulated","NM_001085372"
"1053","ENSG00000182054","Upregulated","NM_001289910"
"1054","ENSG00000061676","Downregulated","NM_013436"
"1055","ENSG00000173436","Upregulated","NM_001032363"
"1056","ENSG00000164111","Upregulated","NM_001154"
"1057","ENSG00000179262","Upregulated","NM_001270362"
"1058","ENSG00000236287","Downregulated","NM_001143667"
"1059","ENSG00000166971","Upregulated","NM_001012398"
"1060","ENSG00000130638","Upregulated","NM_001167621"
"1061","ENSG00000138593","Downregulated","NM_001193489"
"1062","ENSG00000149292","Upregulated","NM_001318533"
"1063","ENSG00000117010","Upregulated","NM_152373"
"1064","ENSG00000173171","Upregulated","NM_002455"
"1065","ENSG00000119326","Upregulated","NM_001286974"
"1066","ENSG00000149761","Upregulated","NM_001128612"
"1067","ENSG00000110200","Upregulated","NM_001278485"
"1068","ENSG00000188313","Downregulated","NM_001363872"
"1069","ENSG00000184076","Upregulated","NM_001003684"
"1070","ENSG00000083520","Downregulated","NM_001128226"
"1071","ENSG00000102531","Downregulated","NM_001079673"
"1072","ENSG00000235754","Upregulated","NM_001256169"
"1073","ENSG00000198466","Downregulated","NM_001204817"
"1074","ENSG00000241127","Upregulated","NM_001282446"
"1075","ENSG00000119640","Upregulated","NM_001107"
"1076","ENSG00000172009","Upregulated","NM_003249"
"1077","ENSG00000107779","Downregulated","NM_001406559"
"1078","ENSG00000143337","Downregulated","NM_001267578"
"1079","ENSG00000087095","Downregulated","NM_016231"
"1080","ENSG00000185442","Upregulated","NM_207446"
"1081","ENSG00000198728","Downregulated","NM_001113407"
"1082","ENSG00000205643","Upregulated","NM_001008917"
"1083","ENSG00000198754","Upregulated","NM_022120"
"1084","ENSG00000106605","Upregulated","NM_000712"
"1085","ENSG00000130255","Upregulated","NM_015414"
"1086","ENSG00000177663","Downregulated","NM_001289905"
"1087","ENSG00000107796","Upregulated","NM_001141945"
"1088","ENSG00000163104","Downregulated","NM_001128429"
"1089","ENSG00000213465","Upregulated","NM_001199745"
"1090","ENSG00000268350","Upregulated","NM_001242489"
"1091","ENSG00000118900","Downregulated","NM_001079514"
"1092","ENSG00000143797","Upregulated","NM_001321265"
"1093","ENSG00000122417","Downregulated","NM_001007022"
"1094","ENSG00000123728","Downregulated","NM_001271186"
"1095","ENSG00000109881","Upregulated","NM_030771"
"1096","ENSG00000116288","Upregulated","NM_001123377"
"1097","ENSG00000162585","Upregulated","NM_001146310"
"1098","ENSG00000108854","Downregulated","NM_022739"
"1099","ENSG00000124256","Downregulated","NM_001160417"
"1100","ENSG00000183475","Downregulated","NM_024708"
"1101","ENSG00000153922","Downregulated","NM_001270"
"1102","ENSG00000117586","Upregulated","NM_001297562"
"1103","ENSG00000077312","Upregulated","NM_004596"
"1104","ENSG00000108091","Downregulated","NM_005436"
"1105","ENSG00000235750","Downregulated","NM_001162893"
"1106","ENSG00000183354","Downregulated","NM_001017969"
"1107","ENSG00000178773","Upregulated","NM_014427"
"1108","ENSG00000126070","Downregulated","NM_024852"
"1109","ENSG00000077232","Downregulated","NM_001271581"
"1110","ENSG00000172005","Upregulated","NM_002371"
"1111","ENSG00000088832","Upregulated","NM_000801"
"1112","ENSG00000154001","Downregulated","NM_001282179"
"1113","ENSG00000163320","Downregulated","NM_001008390"
"1114","ENSG00000125686","Downregulated","NM_004774"
"1115","ENSG00000197818","Downregulated","NM_001260491"
"1116","ENSG00000179295","Downregulated","NM_001330437"
"1117","ENSG00000214022","Downregulated","NM_001099695"
"1118","ENSG00000152147","Upregulated","NM_024775"
"1119","ENSG00000275272","Downregulated","NM_001031732"
"1120","ENSG00000130511","Upregulated","NM_001009998"
"1121","ENSG00000101745","Downregulated","NM_001083625"
"1122","ENSG00000109111","Downregulated","NM_001320755"
"1123","ENSG00000185862","Downregulated","NM_006495"
"1124","ENSG00000134352","Downregulated","NM_001190981"
"1125","ENSG00000196313","Downregulated","NM_001257190"
"1126","ENSG00000184207","Upregulated","NM_001042371"
"1127","ENSG00000071462","Upregulated","NM_001202560"
"1128","ENSG00000136738","Downregulated","NM_001324282"
"1129","ENSG00000153048","Upregulated","NM_001042476"
"1130","ENSG00000162076","Upregulated","NM_001142499"
"1131","ENSG00000167674","Upregulated","NM_001001520"
"1132","ENSG00000128626","Upregulated","NM_021107"
"1133","ENSG00000171824","Downregulated","NM_001001998"
"1134","ENSG00000164924","Downregulated","NM_001135699"
"1135","ENSG00000151500","Upregulated","NM_001037304"
"1136","ENSG00000108679","Downregulated","NM_005567"
"1137","ENSG00000224398","Upregulated","NM_001282385"
"1138","ENSG00000196950","Downregulated","NM_001127257"
"1139","ENSG00000126934","Upregulated","NM_030662"
"1140","ENSG00000122026","Upregulated","NM_000982"
"1141","ENSG00000108094","Downregulated","NM_001198777"
"1142","ENSG00000167468","Upregulated","NM_001039847"
"1143","ENSG00000125731","Downregulated","NM_001386583"
"1144","ENSG00000172466","Downregulated","NM_001308123"
"1145","ENSG00000104267","Downregulated","NM_000067"
"1146","ENSG00000100526","Upregulated","NM_001130851"
"1147","ENSG00000156469","Upregulated","NM_001286643"
"1148","ENSG00000100316","Upregulated","NM_000967"
"1149","ENSG00000110324","Downregulated","NM_001558"
"1150","ENSG00000157778","Upregulated","NM_001134340"
"1151","ENSG00000168394","Downregulated","NM_000593"
"1152","ENSG00000203950","Upregulated","NM_001078172"
"1153","ENSG00000174851","Upregulated","NM_001300861"
"1154","ENSG00000170667","Upregulated","NM_001079877"
"1155","ENSG00000160691","Downregulated","NM_001130040"
"1156","ENSG00000182154","Upregulated","NM_032477"
"1157","ENSG00000104979","Upregulated","NM_014047"
"1158","ENSG00000135148","Downregulated","NM_001143906"
"1159","ENSG00000186908","Downregulated","NM_001359626"
"1160","ENSG00000134590","Upregulated","NM_001078171"
"1161","ENSG00000133704","Downregulated","NM_001190995"
"1162","ENSG00000136436","Downregulated","NM_001261390"
"1163","ENSG00000087077","Upregulated","NM_003302"
"1164","ENSG00000173272","Upregulated","NM_001085365"
"1165","ENSG00000104889","Upregulated","NM_006397"
"1166","ENSG00000122591","Downregulated","NM_001363466"
"1167","ENSG00000116095","Downregulated","NM_019091"
"1168","ENSG00000106723","Downregulated","NM_006717"
"1169","ENSG00000170248","Downregulated","NM_001162429"
"1170","ENSG00000099904","Downregulated","NM_001185024"
"1171","ENSG00000129675","Downregulated","NM_001306177"
"1172","ENSG00000185127","Downregulated","NM_001029863"
"1173","ENSG00000142192","Downregulated","NM_000484"
"1174","ENSG00000072518","Downregulated","NM_001039469"
"1175","ENSG00000157764","Downregulated","NM_001354609"
"1176","ENSG00000155849","Downregulated","NM_001039459"
"1177","ENSG00000071537","Downregulated","NM_001244984"
"1178","ENSG00000090612","Downregulated","NM_001165881"
"1179","ENSG00000187840","Upregulated","NM_004095"
"1180","ENSG00000169692","Upregulated","NM_001012727"
"1181","ENSG00000092841","Upregulated","NM_021019"
"1182","ENSG00000277791","Upregulated","NM_002795"
"1183","ENSG00000231500","Upregulated","NM_022551"
"1184","ENSG00000147162","Downregulated","NM_003605"
"1185","ENSG00000091527","Downregulated","NM_001134422"
"1186","ENSG00000174004","Downregulated","NM_198565"
"1187","ENSG00000088038","Downregulated","NM_014516"
"1188","ENSG00000196428","Downregulated","NM_001303264"
"1189","ENSG00000144224","Downregulated","NM_014607"
"1190","ENSG00000197958","Upregulated","NM_000976"
"1191","ENSG00000139737","Upregulated","NM_001040153"
"1192","ENSG00000172575","Upregulated","NM_001128602"
"1193","ENSG00000108061","Downregulated","NM_001269039"
"1194","ENSG00000141378","Upregulated","NM_001015509"
"1195","ENSG00000109320","Downregulated","NM_001165412"
"1196","ENSG00000163870","Upregulated","NM_001136053"
"1197","ENSG00000171316","Downregulated","NM_001316690"
"1198","ENSG00000174718","Downregulated","NM_018169"
"1199","ENSG00000181555","Downregulated","NM_001349370"
"1200","ENSG00000169116","Upregulated","NM_015393"
"1201","ENSG00000061987","Downregulated","NM_001278469"
"1202","ENSG00000109381","Downregulated","NM_001276457"
"1203","ENSG00000198000","Downregulated","NM_001256394"
"1204","ENSG00000115935","Downregulated","NM_001077269"
"1205","ENSG00000005100","Downregulated","NM_001199699"
"1206","ENSG00000111669","Upregulated","NM_000365"
"1207","ENSG00000164830","Downregulated","NM_001198532"
"1208","ENSG00000188186","Upregulated","NM_001008395"
"1209","ENSG00000138757","Downregulated","NM_001400004"
"1210","ENSG00000117298","Upregulated","NM_001113347"
"1211","ENSG00000168286","Upregulated","NM_020457"
"1212","ENSG00000004779","Upregulated","NM_005003"
"1213","ENSG00000108587","Downregulated","NM_001007024"
"1214","ENSG00000177971","Upregulated","NM_018285"
"1215","ENSG00000002330","Upregulated","NM_004322"
"1216","ENSG00000274287","Upregulated","NM_015356"
"1217","ENSG00000112799","Upregulated","NM_004271"
"1218","ENSG00000143353","Upregulated","NM_001300769"
"1219","ENSG00000122034","Upregulated","NM_002097"
"1220","ENSG00000170989","Downregulated","NM_001320730"
"1221","ENSG00000092140","Downregulated","NM_001308097"
"1222","ENSG00000164306","Upregulated","NM_001300767"
"1223","ENSG00000198900","Downregulated","NM_003286"
"1224","ENSG00000018189","Downregulated","NM_001037442"
"1225","ENSG00000134291","Upregulated","NM_001143841"
"1226","ENSG00000141429","Downregulated","NM_001384438"
"1227","ENSG00000113742","Downregulated","NM_001308189"
"1228","ENSG00000172809","Upregulated","NM_000999"
"1229","ENSG00000140044","Upregulated","NM_001135047"
"1230","ENSG00000119616","Downregulated","NM_001318508"
"1231","ENSG00000062725","Downregulated","NM_001282476"
"1232","ENSG00000143437","Downregulated","NM_001197325"
"1233","ENSG00000006625","Upregulated","NM_001199815"
"1234","ENSG00000134597","Upregulated","NM_016024"
"1235","ENSG00000107242","Downregulated","NM_001031687"
"1236","ENSG00000111639","Upregulated","NM_016497"
"1237","ENSG00000132207","Upregulated","NM_001014999"
"1238","ENSG00000180370","Downregulated","NM_002577"
"1239","ENSG00000116199","Downregulated","NM_001324310"
"1240","ENSG00000172197","Upregulated","NM_001080480"
"1241","ENSG00000243449","Upregulated","NM_001141936"
"1242","ENSG00000148019","Upregulated","NM_001098802"
"1243","ENSG00000262666","Upregulated","NM_001267608"
"1244","ENSG00000275302","Downregulated","NM_002984"
"1245","ENSG00000242265","Upregulated","NM_001040152"
"1246","ENSG00000158470","Downregulated","NM_004776"
"1247","ENSG00000108590","Upregulated","NM_016060"
"1248","ENSG00000184451","Upregulated","NM_016602"
"1249","ENSG00000062582","Upregulated","NM_032014"
"1250","ENSG00000154727","Downregulated","NM_001197297"
"1251","ENSG00000185420","Upregulated","NM_001167740"
"1252","ENSG00000253719","Downregulated","NM_001136262"
"1253","ENSG00000123064","Upregulated","NM_001111322"
"1254","ENSG00000182093","Upregulated","NM_001146218"
"1255","ENSG00000144029","Upregulated","NM_001321995"
"1256","ENSG00000196504","Downregulated","NM_001354431"
"1257","ENSG00000183513","Upregulated","NM_001008215"
"1258","ENSG00000100284","Upregulated","NM_001135729"
"1259","ENSG00000163082","Downregulated","NM_001320833"
"1260","ENSG00000206560","Downregulated","NM_001195098"
"1261","ENSG00000111371","Downregulated","NM_001077484"
"1262","ENSG00000138777","Upregulated","NM_001034191"
"1263","ENSG00000144597","Downregulated","NM_033083"
"1264","ENSG00000104529","Upregulated","NM_001130053"
"1265","ENSG00000136381","Downregulated","NM_001320941"
"1266","ENSG00000134248","Upregulated","NM_001382293"
"1267","ENSG00000196954","Downregulated","NM_001225"
"1268","ENSG00000135535","Downregulated","NM_001142401"
"1269","ENSG00000198791","Downregulated","NM_001322087"
"1270","ENSG00000104129","Upregulated","NM_018163"
"1271","ENSG00000103121","Upregulated","NM_001351967"
"1272","ENSG00000124155","Downregulated","NM_001184728"
"1273","ENSG00000107872","Upregulated","NM_001387294"
"1274","ENSG00000107833","Upregulated","NM_006993"
"1275","ENSG00000165502","Upregulated","NM_001001"
"1276","ENSG00000049860","Upregulated","NM_000521"
"1277","ENSG00000130755","Upregulated","NM_001301008"
"1278","ENSG00000127870","Downregulated","NM_005977"
"1279","ENSG00000152520","Downregulated","NM_175854"
"1280","ENSG00000079805","Downregulated","NM_001005360"
"1281","ENSG00000169375","Downregulated","NM_001145357"
"1282","ENSG00000175390","Upregulated","NM_003754"
"1283","ENSG00000071205","Upregulated","NM_024605"
"1284","ENSG00000237190","Upregulated","NM_080656"
"1285","ENSG00000137040","Downregulated","NM_001243202"
"1286","ENSG00000116353","Upregulated","NM_001024732"
"1287","ENSG00000204120","Downregulated","NM_001103146"
"1288","ENSG00000158615","Downregulated","NM_032833"
"1289","ENSG00000106400","Upregulated","NM_006349"
"1290","ENSG00000114054","Upregulated","NM_000532"
"1291","ENSG00000107829","Upregulated","NM_001323541"
"1292","ENSG00000169976","Upregulated","NM_031287"
"1293","ENSG00000089127","Downregulated","NM_001032409"
"1294","ENSG00000170571","Downregulated","NM_198449"
"1295","ENSG00000108523","Upregulated","NM_001320356"
"1296","ENSG00000141646","Downregulated","NM_001407041"
"1297","ENSG00000101473","Upregulated","NM_005469"
"1298","ENSG00000164307","Downregulated","NM_001040458"
"1299","ENSG00000139343","Upregulated","NM_001394209"
"1300","ENSG00000148908","Upregulated","NM_001005339"
"1301","ENSG00000078070","Upregulated","NM_001293273"
"1302","ENSG00000163170","Upregulated","NM_001035505"
"1303","ENSG00000100243","Upregulated","NM_000398"
"1304","ENSG00000101182","Upregulated","NM_002792"
"1305","ENSG00000145868","Downregulated","NM_001271723"
"1306","ENSG00000107929","Downregulated","NM_001351277"
"1307","ENSG00000244462","Downregulated","NM_001198838"
"1308","ENSG00000133789","Downregulated","NM_001297714"
"1309","ENSG00000131503","Downregulated","NM_001197030"
"1310","ENSG00000244187","Upregulated","NM_032928"
"1311","ENSG00000119953","Downregulated","NM_005871"
"1312","ENSG00000170791","Upregulated","NM_001011667"
"1313","ENSG00000086848","Upregulated","NM_001077690"
"1314","ENSG00000106603","Upregulated","NM_001321197"
"1315","ENSG00000115368","Downregulated","NM_001303096"
"1316","ENSG00000154518","Upregulated","NM_001002256"
"1317","ENSG00000152558","Downregulated","NM_052932"
"1318","ENSG00000226916","Upregulated","NM_001164267"
"1319","ENSG00000140264","Upregulated","NM_001018108"
"1320","ENSG00000176155","Upregulated","NM_001316321"
"1321","ENSG00000163399","Upregulated","NM_000701"
"1322","ENSG00000159884","Upregulated","NM_001195200"
"1323","ENSG00000112851","Downregulated","NM_001006600"
"1324","ENSG00000156304","Downregulated","NM_001145444"
"1325","ENSG00000105364","Upregulated","NM_001411149"
"1326","ENSG00000112697","Downregulated","NM_001143958"
"1327","ENSG00000171148","Upregulated","NM_001278270"
"1328","ENSG00000133884","Downregulated","NM_001330308"
"1329","ENSG00000142676","Upregulated","NM_000975"
"1330","ENSG00000125352","Upregulated","NM_006978"
"1331","ENSG00000122958","Downregulated","NM_001035260"
"1332","ENSG00000149923","Upregulated","NM_001303503"
"1333","ENSG00000135899","Downregulated","NM_001185015"
"1334","ENSG00000106399","Upregulated","NM_002947"
"1335","ENSG00000105576","Downregulated","NM_001136195"
"1336","ENSG00000143653","Upregulated","NM_016002"
"1337","ENSG00000172175","Downregulated","NM_006785"
"1338","ENSG00000100129","Upregulated","NM_001242923"
"1339","ENSG00000164944","Upregulated","NM_015496"
"1340","ENSG00000129235","Upregulated","NM_032731"
"1341","ENSG00000169020","Upregulated","NM_007100"
"1342","ENSG00000221983","Upregulated","NM_001033930"
"1343","ENSG00000175581","Upregulated","NM_001030046"
"1344","ENSG00000107438","Upregulated","NM_020992"
"1345","ENSG00000180628","Downregulated","NM_001256549"
"1346","ENSG00000116001","Downregulated","NM_001351508"
"1347","ENSG00000122705","Upregulated","NM_001076677"
"1348","ENSG00000138085","Upregulated","NM_001170795"
"1349","ENSG00000166441","Upregulated","NM_000990"
"1350","ENSG00000114023","Upregulated","NM_014367"
"1351","ENSG00000165775","Upregulated","NM_023934"
"1352","ENSG00000254999","Upregulated","NM_018462"
